1,sapna,sapna@gmail.com,10000
2,atul,atul@gmail.com,12000
3,rani,rani@gmail.com,4000
4,anvi,anvi@gmail.com,45875
5,deepak,deepak@gmail.com,15475
6,poonam,poonam@gmail.com,25645
7,raj,raj@gmail.com,24569
8,guddu,guddu@gmail.com,12505
9,anju,anju@gmail.com,10054
10,ajay,ajay@gmail.com,10574
11,rohet,rohet@gmail.com,10795
12,rohson,rohson@gmail.com,20478
13,sona,sona@gmail.com,30589
14,varsha,varsha@gmail.com,10570
15,sonu,sonu@gmail.com,10547
16,priyanka,priyanka@gmail.com,10548
17,soni,soni@gmail.com,10257
18,sonali,sonali@gmail.com,10854
19,mona,mona@gmail.com,10487
20,payal,payal@gmail.com,10548
21,radha,radha@gmail.com,10248
22,laxmi,laxmi@gmail.com,15856
23,tulsi,tulsi@gmail.com,17579
24,bhavna,bhavna@gmail.com,10785
25,anjali,anjali@gmail.com,50678
26,mushkan,mushkan@gmail.com,14526
27,komal,komal@gmail.com,12893
28,joyti,joyti@gmail.com,15725
29,sujeet,sujeet@gmail.com,10258
30,shiva,shiva@gmail.com,20494
31,rajan,rajan@gmail.com,12879
32,rajes,rajes@gmail.com,42597
33,ravi,ravi@gmail.com,25894
34,deep,deep@gmail.com,14586
35,arti,arti@gmail.com,48965
36,amit,amit@gmail.com,94568
37,munni,munni@gmail.com,53698
38,bhairav,bhairav@gmail.com,45896
39,rajni,rajan@gmail.com,19469 
40,navya,navya@gmail.com,58465
41,sooraj,sooraj@gmail.com,15896
42,veera,veera@gmail.com,78926
43,sanju,sanju@gmail.com,12587
44,baby,baby@gmail.com,47895
45,phnki,phnki@gmail.com,47895
46,dhoni,dhoni@gmail.com,56321
47,krishn,krishn@gmail. com,12547
48,divya,divya@gmail.com,12365
49,drishti,drishti@gmail.com,78965
50,anand,anand@gmail.com,1000
51,happy,happy@gmail.com,49985
52,ram,ram@gmail.com,69852
53,dolly,dolly@gmail.com,45612
54,nadni,nadni@gmail.com,96521
55,somya,somya@gmil.com,57896
56,kunal,kunal@gmail.com,12547
57,sinu,sinu@gmail.com,85964
58,mohit,mohit@gmail.com,45698
59,golu,golu@gmail.com,57896
60,shrikant,shrikant@gmail.com,74185
61,mintu,mintu@gmail.com,69254